'android.permission.SYSTEM_ALERT_WINDOW',
'android.permission.ACCESS_COARSE_LOCATION',
'android.permission.INTERNET',
'android.permission.ACCESS_FINE_LOCATION',
'android.permission.DOWNLOtargetSdkAD_WITHOUT_NOTIFICATION',
'android.permission.PREVENT_POWER_KEY',
'android.permission.USE_FULL_SCREEN_INTENT',
'android.permission.ACCESS_NETWORK_STATE',
'android.permission.ACCESS_WIFI_STATE',
'android.permission.READ_PHONE_STATE',
'android.permission.CALL_PHONE',
'android.permission.WRITE_INTERNAL_STORAGE',
'android.permission.WRITE_EXTERNAL_STORAGE',
'android.permission.READ_EXTERNAL_STORAGE',
'android.permission.GET_ACCOUNTS',
'android.permission.WAKE_LOCK',
'com.google.android.providers.gsf.permission.READ_GSERVICES',
'android.permission.FOREGROUND_SERVICE',
'co.gradeup.android.permission.C2D_MESSAGE',
'android.permission.CAMERA',
'android.hardware.camera.autofocus',
'android.permission.FLASHLIGHT',
'com.android.launcher.permission.INSTALL_SHORTCUT',
'android.permission.RECEIVE_BOOT_COMPLETED',
'com.google.android.c2dm.permission.RECEIVE',
'android.permission.VIBRATE',
'android.permission.GET_TASKS',
'co.gradeup.'android.permission.MIPUSH_RECEIVE',
'android.permission.READ_CALENDAR',
'android.permission.WRITE_CALENDAR',
'android.permission.DOWNLOAD_WITHOUT_NOTIFICATION',
'com.google.'android.finsky.permission.BIND_GET_INSTALL_REFERRER_SERVICE',
'co.gradeup.android.permission.MIPUSH_RECEIVE'
